ticket_id,meter_id,evaluation_period,tamper_probability,calibrated_probability,estimated_leakage_kwh,estimated_recoverable_revenue,dispatch_cost,expected_gross_recovery,env,tau_cost,tau_env,active_threshold,decision_rule,inspection_recommended,customer_type,feeder_id,data_quality_status,actual_tamper_label,priority_rank,short_explanation,top_risk_driver_1,top_risk_driver_2,detected_signatures_summary,primary_time_window,counter_evidence_summary
TCK-2016-10-30-EF550F26,620E9685A1D2F4C35855EF1A3E0968AB,2016-10-30,0.9931027624625057,1.0,17986.487630208336,32375.677734375,100.0,32375.677734375,32275.677734375,0.0030792275012062813,0.0030887384295224998,0.0030887384295224998,env,true,standard,unknown,good,1,1,"High tampering risk (100.0% probability) with positive Expected Net Value ($32,275.68). Sudden week-over-week consumption collapse; elevated historical load volatility contrasting recent readings. Field inspection recommended to verify physical meter integrity.",60-Day Historical Consumption Volatility (+2.49),Data Missingness Ratio (+0.64),Behavior Shift (moderate),2016-09-01 to 2016-10-30,2 counter-evidence features moderated risk margin
TCK-2016-10-30-FC6A3494,38663D8D847562041186378BBBB4F4B4,2016-10-30,0.9866261109903719,0.9230769230769231,15333.427734375002,27600.169921875,100.0,25477.079927884617,25377.079927884617,0.0036100861576675515,0.0036231660994501067,0.0036231660994501067,env,true,standard,unknown,good,1,2,"High tampering risk (92.3% probability) with positive Expected Net Value ($25,377.08). Elevated historical load volatility contrasting recent readings. Field inspection recommended to verify physical meter integrity.",60-Day Historical Consumption Volatility (+2.79),30-Day Trailing Consumption Volatility (+0.58),Multivariate Feature Anomaly,2016-09-01 to 2016-10-30,2 counter-evidence features moderated risk margin
TCK-2016-10-30-EAC9B29B,E24AC6F28F330CCDBAEAFCD82E86609B,2016-10-30,0.9909231622002986,0.9310344827586207,6914.286024305557,12445.71484375,100.0,11587.389682112069,11487.389682112069,0.007970849110269537,0.008034894038265555,0.008034894038265555,env,true,standard,unknown,good,1,3,"High tampering risk (93.1% probability) with positive Expected Net Value ($11,487.39). Sudden week-over-week consumption collapse; elevated historical load volatility contrasting recent readings. Field inspection recommended to verify physical meter integrity.",60-Day Historical Consumption Volatility (+2.60),Smart-Meter Data Coverage Ratio (+0.67),Behavior Shift (moderate),2016-09-01 to 2016-10-30,2 counter-evidence features moderated risk margin
TCK-2016-10-30-E7892DA9,3DB30EA9E430F8F18BF935AA0F507DDA,2016-10-30,0.9846906114282299,0.8461538461538461,3919.069552951389,7054.3251953125,100.0,5969.044396033653,5869.044396033653,0.013977558647392741,0.014175700330124927,0.014175700330124927,env,true,standard,unknown,good,1,4,"High tampering risk (84.6% probability) with positive Expected Net Value ($5,869.04). Sustained consumption drop of 100% below baseline; elevated historical load volatility contrasting recent readings. Field inspection recommended to verify physical meter integrity.",60-Day Historical Consumption Volatility (+2.86),Recent vs. Historical Consumption Ratio (14d / 60d) (+0.90),Sustained Step Down (high); Behavior Shift (moderate),2016-09-01 to 2016-10-30,2 counter-evidence features moderated risk margin
TCK-2016-10-30-CA425B59,1068572243CD768F5841A4D9F283B82F,2016-10-30,0.9860708213166635,0.9230769230769231,3526.3476562500005,6347.42578125,100.0,5859.162259615385,5759.162259615385,0.015510066093480865,0.01575441816041321,0.01575441816041321,env,true,standard,unknown,good,1,5,"High tampering risk (92.3% probability) with positive Expected Net Value ($5,759.16). Sudden week-over-week consumption collapse; elevated historical load volatility contrasting recent readings. Field inspection recommended to verify physical meter integrity.",60-Day Historical Consumption Volatility (+2.48),Smart-Meter Data Coverage Ratio (+0.71),Behavior Shift (moderate),2016-09-01 to 2016-10-30,2 counter-evidence features moderated risk margin
TCK-2016-10-30-25152B5A,C5695F151BDEFDA583E9042B754E751C,2016-10-30,0.9855063809476224,0.9230769230769231,3469.6712239583335,6245.408203125,100.0,5764.9921875,5664.9921875,0.0157594274156786,0.016011763642601172,0.016011763642601172,env,true,standard,unknown,good,0,6,"High tampering risk (92.3% probability) with positive Expected Net Value ($5,664.99). Sudden week-over-week consumption collapse; elevated historical load volatility contrasting recent readings. Field inspection recommended to verify physical meter integrity.",60-Day Historical Consumption Volatility (+2.71),30-Day Trailing Consumption Volatility (+0.62),Behavior Shift (moderate),2016-09-01 to 2016-10-30,2 counter-evidence features moderated risk margin
TCK-2016-10-30-477A9F64,61EAE6AC216EA223C5D18B5302610DC4,2016-10-30,0.9817921997485,0.8166264495459254,3915.267469618056,7047.4814453125,100.0,5755.159750926334,5655.159750926334,0.013990942231208245,0.014189466233573856,0.014189466233573856,env,true,standard,unknown,good,0,7,"High tampering risk (81.7% probability) with positive Expected Net Value ($5,655.16). Elevated historical load volatility contrasting recent readings. Field inspection recommended to verify physical meter integrity.",60-Day Historical Consumption Volatility (+2.74),Data Missingness Ratio (+0.66),Multivariate Feature Anomaly,2016-09-01 to 2016-10-30,2 counter-evidence features moderated risk margin
TCK-2016-10-30-2038A852,6BD04DCABC15FF9CAA40252547984C43,2016-10-30,0.9645274357069853,0.6989247311827957,4448.994140625,8008.189453125,100.0,5597.121660786291,5497.121660786291,0.012333209599765669,0.01248721706514791,0.01248721706514791,env,true,standard,unknown,good,1,8,"High tampering risk (69.9% probability) with positive Expected Net Value ($5,497.12). Abnormal flatline load profile with negligible variance; elevated historical load volatility contrasting recent readings. Field inspection recommended to verify physical meter integrity.",60-Day Historical Consumption Volatility (+2.38),Estimated Consumption Collapse Magnitude (+0.53),Flatline (moderate); Behavior Shift (moderate),2016-09-01 to 2016-10-30,2 counter-evidence features moderated risk margin
TCK-2016-10-30-B9E8846E,2952491E940C9040B188B3C9095910D6,2016-10-30,0.9208523588845653,0.5703703703703704,4275.640733506945,7696.1533203125,100.0,4389.657819733797,4289.657819733797,0.012826838556324289,0.012993504136159743,0.012993504136159743,env,true,standard,unknown,good,0,9,"High tampering risk (57.0% probability) with positive Expected Net Value ($4,289.66). Sudden week-over-week consumption collapse; elevated historical load volatility contrasting recent readings. Field inspection recommended to verify physical meter integrity.",60-Day Historical Consumption Volatility (+2.49),30-Day Trailing Consumption Volatility (+0.59),Behavior Shift (moderate),2016-09-01 to 2016-10-30,2 counter-evidence features moderated risk margin
TCK-2016-10-30-87354E38,5495D3AB84C1B5181B05E4EE0C595C14,2016-10-30,0.972032411974591,0.6989247311827957,2951.0633680555557,5311.9140625,100.0,3712.628108198925,3612.628108198925,0.01847775091125627,0.018825605765341764,0.018825605765341764,env,true,standard,unknown,good,0,10,"High tampering risk (69.9% probability) with positive Expected Net Value ($3,612.63). Sustained consumption drop of 53% below baseline; elevated historical load volatility contrasting recent readings. Field inspection recommended to verify physical meter integrity.",60-Day Historical Consumption Volatility (+2.69),Recent vs. Historical Consumption Ratio (14d / 60d) (+0.69),Sustained Step Down (moderate); Behavior Shift (moderate),2016-09-01 to 2016-10-30,2 counter-evidence features moderated risk margin
TCK-2016-10-30-E541BF18,951D5DC7EB787F937C831E9002755C51,2016-10-30,0.9542903183247156,0.6989247311827957,2948.9287651909726,5308.07177734375,100.0,3709.9426400789653,3609.9426400789653,0.018490878841315304,0.018839232812718616,0.018839232812718616,env,true,standard,unknown,good,1,11,"High tampering risk (69.9% probability) with positive Expected Net Value ($3,609.94). Abnormal flatline load profile with negligible variance; elevated historical load volatility contrasting recent readings. Field inspection recommended to verify physical meter integrity.",60-Day Historical Consumption Volatility (+2.79),Recent vs. Historical Consumption Ratio (14d / 60d) (+0.62),Flatline (low); Behavior Shift (moderate); Abnormal Peak Behavior (low),2016-09-01 to 2016-10-30,2 counter-evidence features moderated risk margin
TCK-2016-10-30-A8CF791B,497E5F672F723AA33A56C44A7BBA88F5,2016-10-30,0.9926397144385285,0.9310344827586207,1865.0354003906252,3357.063720703125,100.0,3125.5420847925648,3025.5420847925648,0.028926281977718713,0.02978793622036324,0.02978793622036324,env,true,standard,unknown,good,1,12,"High tampering risk (93.1% probability) with positive Expected Net Value ($3,025.54). Sudden week-over-week consumption collapse; elevated historical load volatility contrasting recent readings. Field inspection recommended to verify physical meter integrity.",60-Day Historical Consumption Volatility (+2.29),Data Missingness Ratio (+0.73),Behavior Shift (moderate),2016-09-01 to 2016-10-30,2 counter-evidence features moderated risk margin
TCK-2016-10-30-32B4319E,B2658D636BFE63DC73A7196AFED73E97,2016-10-30,0.9874931161923173,0.9310344827586207,1854.8353407118057,3338.70361328125,100.0,3108.4481916756463,3008.4481916756463,0.029080726705777025,0.0299517452229672,0.0299517452229672,env,true,standard,unknown,good,0,13,"High tampering risk (93.1% probability) with positive Expected Net Value ($3,008.45). Sudden week-over-week consumption collapse; elevated historical load volatility contrasting recent readings. Field inspection recommended to verify physical meter integrity.",60-Day Historical Consumption Volatility (+2.50),Smart-Meter Data Coverage Ratio (+0.69),Behavior Shift (moderate),2016-09-01 to 2016-10-30,2 counter-evidence features moderated risk margin
TCK-2016-10-30-E70C5635,18897A0A27D73AC6D12424820753C8B4,2016-10-30,0.9747069865803675,0.6989247311827957,2394.0679253472226,4309.322265625,100.0,3011.8919060819894,2911.8919060819894,0.02267922233300983,0.02320550514350928,0.02320550514350928,env,true,standard,unknown,good,1,14,"High tampering risk (69.9% probability) with positive Expected Net Value ($2,911.89). Sustained consumption drop of 62% below baseline; elevated historical load volatility contrasting recent readings. Field inspection recommended to verify physical meter integrity.",60-Day Historical Consumption Volatility (+2.23),Recent vs. Historical Consumption Ratio (14d / 60d) (+0.83),Sustained Step Down (moderate); Behavior Shift (moderate),2016-09-01 to 2016-10-30,2 counter-evidence features moderated risk margin
TCK-2016-10-30-24593E8E,565C9F64210DEB621663DB4A7E52E6E9,2016-10-30,0.9816987272791495,0.8,2007.3010253906252,3613.141845703125,100.0,2890.5134765625003,2790.5134765625003,0.026931370832418033,0.027676743474359722,0.027676743474359722,env,true,standard,unknown,good,0,15,"High tampering risk (80.0% probability) with positive Expected Net Value ($2,790.51). Abnormal flatline load profile with negligible variance; elevated historical load volatility contrasting recent readings. Field inspection recommended to verify physical meter integrity.",60-Day Historical Consumption Volatility (+2.56),30-Day Trailing Consumption Volatility (+0.63),Flatline (low),2016-09-01 to 2016-10-30,2 counter-evidence features moderated risk margin
TCK-2016-10-30-7EE4F999,90C90FC917A27AD48878D70A3380A245,2016-10-30,0.9846091579476184,0.8461538461538461,1866.4929199218752,3359.687255859375,100.0,2842.812293419471,2742.812293419471,0.028904346724010557,0.02976467521659869,0.02976467521659869,env,true,standard,unknown,good,1,16,"High tampering risk (84.6% probability) with positive Expected Net Value ($2,742.81). Elevated historical load volatility contrasting recent readings. Field inspection recommended to verify physical meter integrity.",60-Day Historical Consumption Volatility (+2.52),30-Day Trailing Consumption Volatility (+0.68),Multivariate Feature Anomaly,2016-09-01 to 2016-10-30,2 counter-evidence features moderated risk margin
TCK-2016-10-30-EC782CCE,608D3686A94CCF687EE5E1D179658FB1,2016-10-30,0.9868382259256815,0.9308699642013364,1567.6287163628474,2821.731689453125,100.0,2626.665276747007,2526.665276747007,0.03422627764246124,0.03543923058800138,0.03543923058800138,env,true,standard,unknown,good,0,17,"High tampering risk (93.1% probability) with positive Expected Net Value ($2,526.67). Sudden week-over-week consumption collapse; elevated historical load volatility contrasting recent readings. Field inspection recommended to verify physical meter integrity.",60-Day Historical Consumption Volatility (+2.76),30-Day Trailing Consumption Volatility (+0.66),Behavior Shift (moderate),2016-09-01 to 2016-10-30,2 counter-evidence features moderated risk margin
TCK-2016-10-30-0F115FA7,30C62896BD4C8E9C95323A6867974C18,2016-10-30,0.964018533248702,0.6989247311827957,2046.558024088542,3683.804443359375,100.0,2574.70203030494,2474.70203030494,0.026428427128548166,0.02714584922667798,0.02714584922667798,env,true,standard,unknown,good,0,18,"High tampering risk (69.9% probability) with positive Expected Net Value ($2,474.70). Elevated historical load volatility contrasting recent readings. Field inspection recommended to verify physical meter integrity.",60-Day Historical Consumption Volatility (+2.67),30-Day Trailing Consumption Volatility (+0.62),Multivariate Feature Anomaly,2016-09-01 to 2016-10-30,2 counter-evidence features moderated risk margin
TCK-2016-10-30-4651479C,CAC662222F6CA2DC7DD571164EEF044A,2016-10-30,0.9397462875248161,0.5703703703703704,2501.6289605034726,4502.93212890625,100.0,2568.3390661168983,2468.3390661168983,0.02172528231993767,0.022207752001869443,0.022207752001869443,env,true,standard,unknown,good,0,19,"High tampering risk (57.0% probability) with positive Expected Net Value ($2,468.34). Sustained consumption drop of 55% below baseline; elevated historical load volatility contrasting recent readings. Field inspection recommended to verify physical meter integrity.",60-Day Historical Consumption Volatility (+2.77),Recent vs. Historical Consumption Ratio (14d / 60d) (+0.54),Sustained Step Down (moderate),2016-09-01 to 2016-10-30,2 counter-evidence features moderated risk margin
TCK-2016-10-30-E67FCC12,FC0BB12F5629FA552EBCA8FAECFA63AC,2016-10-30,0.9879870298233284,0.9310344827586207,1279.5227050781252,2303.140869140625,100.0,2144.303567820582,2044.303567820582,0.041612208957088934,0.04341896813168583,0.04341896813168583,env,true,standard,unknown,good,0,20,"High tampering risk (93.1% probability) with positive Expected Net Value ($2,044.30). Sudden week-over-week consumption collapse; elevated historical load volatility contrasting recent readings. Field inspection recommended to verify physical meter integrity.",60-Day Historical Consumption Volatility (+2.65),Recent vs. Historical Consumption Ratio (14d / 60d) (+0.69),Behavior Shift (moderate),2016-09-01 to 2016-10-30,2 counter-evidence features moderated risk margin
TCK-2016-10-30-9ED9BD11,4DAD8184D2EFF0A5E3E1620F47B240A2,2016-10-30,0.987783337588917,0.9310344827586207,1267.5539822048613,2281.59716796875,100.0,2124.245639143319,2024.2456391433188,0.04198862903640812,0.04382894640819858,0.04382894640819858,env,true,standard,unknown,good,1,21,"High tampering risk (93.1% probability) with positive Expected Net Value ($2,024.25). Sudden week-over-week consumption collapse; elevated historical load volatility contrasting recent readings. Field inspection recommended to verify physical meter integrity.",60-Day Historical Consumption Volatility (+2.60),30-Day Trailing Consumption Volatility (+0.71),Behavior Shift (moderate),2016-09-01 to 2016-10-30,2 counter-evidence features moderated risk margin
TCK-2016-10-30-B36168B3,82B5D660002870626285C8C8B6340877,2016-10-30,0.9879762760321427,0.9310344827586207,1262.9570855034724,2273.32275390625,100.0,2116.5418743265086,2016.5418743265086,0.042135019282737704,0.04398847450418997,0.04398847450418997,env,true,standard,unknown,good,1,22,"High tampering risk (93.1% probability) with positive Expected Net Value ($2,016.54). Elevated historical load volatility contrasting recent readings. Field inspection recommended to verify physical meter integrity.",60-Day Historical Consumption Volatility (+2.64),30-Day Trailing Consumption Volatility (+0.71),Multivariate Feature Anomaly,2016-09-01 to 2016-10-30,2 counter-evidence features moderated risk margin
TCK-2016-10-30-3EF19433,B1D81387AA643AB8AB1A3761DA5009EB,2016-10-30,0.97231074569008,0.6989247311827957,1529.9928114149307,2753.987060546875,100.0,1924.8296659736225,1824.8296659736225,0.0350387012549518,0.03631099122889213,0.03631099122889213,env,true,standard,unknown,good,0,23,"High tampering risk (69.9% probability) with positive Expected Net Value ($1,824.83). Sustained consumption drop of 42% below baseline; elevated historical load volatility contrasting recent readings. Field inspection recommended to verify physical meter integrity.",60-Day Historical Consumption Volatility (+2.52),Recent vs. Historical Consumption Ratio (14d / 60d) (+0.69),Sustained Step Down (moderate); Behavior Shift (moderate),2016-09-01 to 2016-10-30,2 counter-evidence features moderated risk margin
TCK-2016-10-30-73870559,67401768ADEDE27B28C2FC9B397AF0BA,2016-10-30,0.9730522149593377,0.6989247311827957,1508.5712348090278,2715.42822265625,100.0,1897.8799405661964,1797.8799405661964,0.03551857553862758,0.03682660405664464,0.03682660405664464,env,true,standard,unknown,good,1,24,"High tampering risk (69.9% probability) with positive Expected Net Value ($1,797.88). Elevated historical load volatility contrasting recent readings. Field inspection recommended to verify physical meter integrity.",60-Day Historical Consumption Volatility (+2.65),30-Day Trailing Consumption Volatility (+0.70),Multivariate Feature Anomaly,2016-09-01 to 2016-10-30,2 counter-evidence features moderated risk margin
TCK-2016-10-30-2E089827,0D2AEDDF96AF5EF2DCC3A78471655BE8,2016-10-30,0.9788226481981928,0.7931034482758621,1318.6317274305557,2373.537109375,100.0,1882.4604660560346,1782.4604660560346,0.040427936019632814,0.042131214045493484,0.042131214045493484,env,true,standard,unknown,good,0,25,"High tampering risk (79.3% probability) with positive Expected Net Value ($1,782.46). Elevated historical load volatility contrasting recent readings; recent 14-day usage severely depressed relative to 60-day baseline. Field inspection recommended to verify physical meter integrity.",60-Day Historical Consumption Volatility (+2.70),Recent vs. Historical Consumption Ratio (14d / 60d) (+0.62),Multivariate Feature Anomaly,2016-09-01 to 2016-10-30,2 counter-evidence features moderated risk margin
TCK-2016-10-30-32BC013A,48826F651C07D7125E0F3FB23F3A9BE7,2016-10-30,0.9383272429060173,0.5703703703703704,1779.1829427083335,3202.529296875,100.0,1826.6278211805557,1726.6278211805557,0.030279822224324987,0.03122531934292658,0.03122531934292658,env,true,standard,unknown,good,1,26,"High tampering risk (57.0% probability) with positive Expected Net Value ($1,726.63). Sustained consumption drop of 74% below baseline; elevated historical load volatility contrasting recent readings. Field inspection recommended to verify physical meter integrity.",60-Day Historical Consumption Volatility (+2.13),Recent vs. Historical Consumption Ratio (14d / 60d) (+0.90),Sustained Step Down (high),2016-09-01 to 2016-10-30,2 counter-evidence features moderated risk margin
TCK-2016-10-30-2C64F178,AAAB9B25085ACD6EA28F8B3367C42B79,2016-10-30,0.9537659265395476,0.6989247311827957,1363.4891764322917,2454.280517578125,100.0,1715.3573509954638,1615.3573509954638,0.03914996779399012,0.040745138660302625,0.040745138660302625,env,true,standard,unknown,good,0,27,"High tampering risk (69.9% probability) with positive Expected Net Value ($1,615.36). Sudden week-over-week consumption collapse; elevated historical load volatility contrasting recent readings. Field inspection recommended to verify physical meter integrity.",60-Day Historical Consumption Volatility (+2.69),Recent vs. Historical Consumption Ratio (14d / 60d) (+0.70),Behavior Shift (moderate),2016-09-01 to 2016-10-30,2 counter-evidence features moderated risk margin
TCK-2016-10-30-FEB155A2,6F03E8506D494CC46758A8D3E8EBCB04,2016-10-30,0.9396589611308104,0.5703703703703704,1623.4543185763891,2922.2177734375,100.0,1666.746433738426,1566.746433738426,0.03308828400087761,0.034220584416734534,0.034220584416734534,env,true,standard,unknown,good,0,28,"High tampering risk (57.0% probability) with positive Expected Net Value ($1,566.75). Sustained consumption drop of 98% below baseline; elevated historical load volatility contrasting recent readings. Field inspection recommended to verify physical meter integrity.",60-Day Historical Consumption Volatility (+2.13),Recent vs. Historical Consumption Ratio (14d / 60d) (+0.74),Sustained Step Down (high); Zero Streak (moderate); Behavior Shift (moderate),2016-09-01 to 2016-10-30,2 counter-evidence features moderated risk margin
TCK-2016-10-30-B837F7DF,212E65D6BFD8CE686E2B89B14F1BA890,2016-10-30,0.9347258930307657,0.5703703703703704,1610.9792751736113,2899.7626953125,100.0,1653.9387225115743,1553.9387225115743,0.0333359702606684,0.03448558054824664,0.03448558054824664,env,true,standard,unknown,good,0,29,"High tampering risk (57.0% probability) with positive Expected Net Value ($1,553.94). Sudden week-over-week consumption collapse; elevated historical load volatility contrasting recent readings. Field inspection recommended to verify physical meter integrity.",60-Day Historical Consumption Volatility (+2.52),Recent vs. Historical Consumption Ratio (14d / 60d) (+0.60),Behavior Shift (moderate),2016-09-01 to 2016-10-30,2 counter-evidence features moderated risk margin
TCK-2016-10-30-363AB8E4,012E9D46D3773353F210CD51DAC26C40,2016-10-30,0.9240946792975729,0.5703703703703704,1536.9843207465278,2766.57177734375,100.0,1577.9705692997686,1477.9705692997686,0.03488487565194092,0.03614581801886677,0.03614581801886677,env,true,standard,unknown,good,0,30,"High tampering risk (57.0% probability) with positive Expected Net Value ($1,477.97). Sustained consumption drop of 70% below baseline; elevated historical load volatility contrasting recent readings. Field inspection recommended to verify physical meter integrity.",60-Day Historical Consumption Volatility (+2.37),Recent vs. Historical Consumption Ratio (14d / 60d) (+0.78),Sustained Step Down (moderate); Behavior Shift (moderate),2016-09-01 to 2016-10-30,2 counter-evidence features moderated risk margin
TCK-2016-10-30-0C9E47C6,C927D4886F3AE4AF389A54B2964C1456,2016-10-30,0.9589891889535759,0.6989247311827957,1230.8376736111113,2215.5078125,100.0,1548.4732022849464,1448.4732022849464,0.043187070870658095,0.045136378863480084,0.045136378863480084,env,true,standard,unknown,good,0,31,"High tampering risk (69.9% probability) with positive Expected Net Value ($1,448.47). Abnormal flatline load profile with negligible variance; elevated historical load volatility contrasting recent readings. Field inspection recommended to verify physical meter integrity.",60-Day Historical Consumption Volatility (+2.18),Recent vs. Historical Consumption Ratio (14d / 60d) (+0.63),Flatline (moderate); Abnormal Peak Behavior (low),2016-09-01 to 2016-10-30,2 counter-evidence features moderated risk margin
TCK-2016-10-30-8BED8F56,2F5C4141C4F40D1DF060048C23D5A555,2016-10-30,0.965311024045563,0.6989247311827957,1224.5713975694446,2204.228515625,100.0,1540.589822748656,1440.589822748656,0.04339847342479222,0.045367347029191936,0.045367347029191936,env,true,standard,unknown,good,0,32,"High tampering risk (69.9% probability) with positive Expected Net Value ($1,440.59). Sustained consumption drop of 50% below baseline; elevated historical load volatility contrasting recent readings. Field inspection recommended to verify physical meter integrity.",60-Day Historical Consumption Volatility (+2.80),Recent vs. Historical Consumption Ratio (14d / 60d) (+0.65),Sustained Step Down (moderate); Behavior Shift (moderate),2016-09-01 to 2016-10-30,2 counter-evidence features moderated risk margin
TCK-2016-10-30-4BB85215,13043AEDC050977C88FA18F9BB36A08E,2016-10-30,0.9598908860838019,0.6989247311827957,1150.082736545139,2070.14892578125,100.0,1446.8782814600136,1346.8782814600136,0.04607978688098568,0.048305703398735515,0.048305703398735515,env,true,standard,unknown,good,0,33,"High tampering risk (69.9% probability) with positive Expected Net Value ($1,346.88). Sudden week-over-week consumption collapse; elevated historical load volatility contrasting recent readings. Field inspection recommended to verify physical meter integrity.",60-Day Historical Consumption Volatility (+2.22),Estimated Consumption Collapse Magnitude (+0.56),Behavior Shift (moderate),2016-09-01 to 2016-10-30,2 counter-evidence features moderated risk margin
TCK-2016-10-30-4DF23D47,F7C123E2590C9F7796AD5D9D20B322AE,2016-10-30,0.9688504470922719,0.6989247311827957,1136.9851345486113,2046.5732421875,100.0,1430.400653141801,1330.400653141801,0.04658587838265113,0.048862165271502334,0.048862165271502334,env,true,standard,unknown,good,0,34,"High tampering risk (69.9% probability) with positive Expected Net Value ($1,330.40). Elevated historical load volatility contrasting recent readings; recent 14-day usage severely depressed relative to 60-day baseline. Field inspection recommended to verify physical meter integrity.",60-Day Historical Consumption Volatility (+2.71),Recent vs. Historical Consumption Ratio (14d / 60d) (+0.63),Multivariate Feature Anomaly,2016-09-01 to 2016-10-30,2 counter-evidence features moderated risk margin
TCK-2016-10-30-48267ABB,C2561079E87CA7028EBE3D571208FC90,2016-10-30,0.9392982824299726,0.5703703703703704,1385.2918836805557,2493.525390625,100.0,1422.233000578704,1322.233000578704,0.038557555812438575,0.04010386273826355,0.04010386273826355,env,true,standard,unknown,good,1,35,"High tampering risk (57.0% probability) with positive Expected Net Value ($1,322.23). Elevated historical load volatility contrasting recent readings. Field inspection recommended to verify physical meter integrity.",60-Day Historical Consumption Volatility (+2.73),30-Day Trailing Consumption Volatility (+0.62),Multivariate Feature Anomaly,2016-09-01 to 2016-10-30,2 counter-evidence features moderated risk margin
TCK-2016-10-30-8EF52724,6AF38DF12C3E0B41D71C838E30022B95,2016-10-30,0.9600836319572814,0.6989247311827957,1107.0250108506946,1992.64501953125,100.0,1392.7088846186157,1292.7088846186157,0.047786413398675655,0.050184553204325376,0.050184553204325376,env,true,standard,unknown,good,0,36,"High tampering risk (69.9% probability) with positive Expected Net Value ($1,292.71). Sustained consumption drop of 100% below baseline; elevated historical load volatility contrasting recent readings. Field inspection recommended to verify physical meter integrity.",60-Day Historical Consumption Volatility (+2.57),Estimated Consumption Collapse Magnitude (+0.65),Sustained Step Down (high); Zero Streak (high),2016-09-01 to 2016-10-30,2 counter-evidence features moderated risk margin
TCK-2016-10-30-DEF4F4EA,656ABDB5BA267115716553791211D175,2016-10-30,0.9754054219827349,0.6989247311827957,1105.2374267578125,1989.4273681640625,100.0,1390.4599885017642,1290.4599885017642,0.047860002948017275,0.050265720478292565,0.050265720478292565,env,true,standard,unknown,good,1,37,"High tampering risk (69.9% probability) with positive Expected Net Value ($1,290.46). Sudden week-over-week consumption collapse; elevated historical load volatility contrasting recent readings. Field inspection recommended to verify physical meter integrity.",60-Day Historical Consumption Volatility (+2.46),Smart-Meter Data Coverage Ratio (+0.71),Behavior Shift (moderate),2016-09-01 to 2016-10-30,2 counter-evidence features moderated risk margin
TCK-2016-10-30-AB06AEFB,3A7C66661A435B187FC48EBA9815C59E,2016-10-30,0.9743473874246605,0.6989247311827957,1085.8933512369792,1954.6080322265625,100.0,1366.1238934916835,1266.1238934916835,0.04867108393985533,0.05116115269724258,0.05116115269724258,env,true,standard,unknown,good,0,38,"High tampering risk (69.9% probability) with positive Expected Net Value ($1,266.12). Sudden week-over-week consumption collapse; elevated historical load volatility contrasting recent readings. Field inspection recommended to verify physical meter integrity.",60-Day Historical Consumption Volatility (+2.69),30-Day Trailing Consumption Volatility (+0.57),Behavior Shift (moderate),2016-09-01 to 2016-10-30,2 counter-evidence features moderated risk margin
TCK-2016-10-30-C6107AFA,1499892350FA20DD2F42C49BC4133551,2016-10-30,0.9812445288138981,0.8,921.1427815755209,1658.0570068359375,100.0,1326.44560546875,1226.44560546875,0.05688097690300439,0.0603115571947852,0.0603115571947852,env,true,standard,unknown,good,1,39,"High tampering risk (80.0% probability) with positive Expected Net Value ($1,226.45). Sudden week-over-week consumption collapse; elevated historical load volatility contrasting recent readings. Field inspection recommended to verify physical meter integrity.",60-Day Historical Consumption Volatility (+2.70),30-Day Trailing Consumption Volatility (+0.63),Behavior Shift (moderate),2016-09-01 to 2016-10-30,2 counter-evidence features moderated risk margin
TCK-2016-10-30-FFB23F9A,F1647D71CA98F7E352497203C8611E7E,2016-10-30,0.9795911166114865,0.7931034482758621,894.8858642578126,1610.7945556640625,100.0,1277.526716561153,1177.526716561153,0.05845237212669523,0.06208116339130177,0.06208116339130177,env,true,standard,unknown,good,1,40,"High tampering risk (79.3% probability) with positive Expected Net Value ($1,177.53). Elevated historical load volatility contrasting recent readings. Field inspection recommended to verify physical meter integrity.",60-Day Historical Consumption Volatility (+2.59),30-Day Trailing Consumption Volatility (+0.60),Multivariate Feature Anomaly,2016-09-01 to 2016-10-30,2 counter-evidence features moderated risk margin
TCK-2016-10-30-6B6EEC6A,684D04D34D7E37C98FE2DD0853CC83D4,2016-10-30,0.7960564970526357,0.4360086767895879,1614.6963161892363,2906.453369140625,100.0,1267.2388876296436,1167.2388876296436,0.0332617831450299,0.03440619452620629,0.03440619452620629,env,true,standard,unknown,good,0,41,"High tampering risk (43.6% probability) with positive Expected Net Value ($1,167.24). Sustained consumption drop of 99% below baseline; elevated historical load volatility contrasting recent readings. Field inspection recommended to verify physical meter integrity.",60-Day Historical Consumption Volatility (+2.23),Recent vs. Historical Consumption Ratio (14d / 60d) (+0.68),Sustained Step Down (high); Behavior Shift (moderate),2016-09-01 to 2016-10-30,2 counter-evidence features moderated risk margin
TCK-2016-10-30-175F791E,04E106A08F287F44A0D4AD81F5C4B7CD,2016-10-30,0.9310970576548054,0.5703703703703704,1228.2234700520835,2210.80224609375,100.0,1260.976095920139,1160.976095920139,0.04327501419433144,0.045232449069874635,0.045232449069874635,env,true,standard,unknown,good,0,42,"High tampering risk (57.0% probability) with positive Expected Net Value ($1,160.98). Sudden week-over-week consumption collapse; elevated historical load volatility contrasting recent readings. Field inspection recommended to verify physical meter integrity.",60-Day Historical Consumption Volatility (+2.11),Recent vs. Historical Consumption Ratio (14d / 60d) (+0.58),Behavior Shift (moderate),2016-09-01 to 2016-10-30,2 counter-evidence features moderated risk margin
TCK-2016-10-30-6BF20D6B,BFA32BF8F2DA05447F6FEFACB0849580,2016-10-30,0.9616975544293259,0.6989247311827957,992.8143310546876,1787.0657958984375,100.0,1249.0244810042843,1149.0244810042843,0.052992322905407604,0.055957648694028944,0.055957648694028944,env,true,standard,unknown,good,1,43,"High tampering risk (69.9% probability) with positive Expected Net Value ($1,149.02). Elevated historical load volatility contrasting recent readings. Field inspection recommended to verify physical meter integrity.",60-Day Historical Consumption Volatility (+2.72),30-Day Trailing Consumption Volatility (+0.80),Multivariate Feature Anomaly,2016-09-01 to 2016-10-30,2 counter-evidence features moderated risk margin
TCK-2016-10-30-2F26E8E5,4DC5634746520F33868EC208120560B6,2016-10-30,0.9351082509428841,0.5703703703703704,1213.7421332465278,2184.73583984375,100.0,1246.1085901331019,1146.1085901331019,0.043768736085848275,0.04577212410592939,0.04577212410592939,env,true,standard,unknown,good,0,44,"High tampering risk (57.0% probability) with positive Expected Net Value ($1,146.11). Elevated historical load volatility contrasting recent readings. Field inspection recommended to verify physical meter integrity.",60-Day Historical Consumption Volatility (+2.75),30-Day Trailing Consumption Volatility (+0.63),Multivariate Feature Anomaly,2016-09-01 to 2016-10-30,2 counter-evidence features moderated risk margin
TCK-2016-10-30-867CC48C,509C90C5D750FDB33F5B03FC35566165,2016-10-30,0.9821986469113205,0.8461538461538461,816.8463812934028,1470.323486328125,100.0,1244.119873046875,1144.119873046875,0.06368114650939165,0.06801224419650159,0.06801224419650159,env,true,standard,unknown,good,1,45,"High tampering risk (84.6% probability) with positive Expected Net Value ($1,144.12). Sudden week-over-week consumption collapse; elevated historical load volatility contrasting recent readings. Field inspection recommended to verify physical meter integrity.",60-Day Historical Consumption Volatility (+2.73),Recent vs. Historical Consumption Ratio (14d / 60d) (+0.57),Behavior Shift (moderate),2016-09-01 to 2016-10-30,2 counter-evidence features moderated risk margin
TCK-2016-10-30-67CF96E8,C54169C7E423E1D2D3685698E8A79E2F,2016-10-30,0.8618794230660154,0.5133531157270028,1345.7721625434028,2422.389892578125,100.0,1243.54139886058,1143.54139886058,0.039644941606466075,0.04128154609065472,0.04128154609065472,env,true,standard,unknown,good,0,46,"High tampering risk (51.3% probability) with positive Expected Net Value ($1,143.54). Sustained consumption drop of 68% below baseline; elevated historical load volatility contrasting recent readings. Field inspection recommended to verify physical meter integrity.",60-Day Historical Consumption Volatility (+2.29),Recent vs. Historical Consumption Ratio (14d / 60d) (+0.67),Sustained Step Down (moderate),2016-09-01 to 2016-10-30,2 counter-evidence features moderated risk margin
TCK-2016-10-30-0AB9D3C2,861941ECB983DD3066942AB3C94AD15A,2016-10-30,0.9150477435380083,0.5703703703703704,1199.9959309895835,2159.99267578125,100.0,1231.995822482639,1131.995822482639,0.04424793100952475,0.046296453280255175,0.046296453280255175,env,true,standard,unknown,good,1,47,"High tampering risk (57.0% probability) with positive Expected Net Value ($1,132.00). Sudden week-over-week consumption collapse; elevated historical load volatility contrasting recent readings. Field inspection recommended to verify physical meter integrity.",60-Day Historical Consumption Volatility (+2.37),60-Day Historical Baseline Average (+0.48),Behavior Shift (moderate),2016-09-01 to 2016-10-30,2 counter-evidence features moderated risk margin
TCK-2016-10-30-052B57A8,370DC108020691AF4A80372170976409,2016-10-30,0.8617734394549565,0.5133531157270028,1316.8950737847224,2370.4111328125,100.0,1216.857940583271,1116.857940583271,0.04047909219310899,0.042186774528581335,0.042186774528581335,env,true,standard,unknown,good,0,48,"High tampering risk (51.3% probability) with positive Expected Net Value ($1,116.86). Sustained consumption drop of 100% below baseline; elevated historical load volatility contrasting recent readings. Field inspection recommended to verify physical meter integrity.",60-Day Historical Consumption Volatility (+2.25),Recent vs. Historical Consumption Ratio (14d / 60d) (+0.55),Sustained Step Down (high); Zero Streak (high); Behavior Shift (moderate); Abnormal Peak Behavior (low),2016-09-01 to 2016-10-30,2 counter-evidence features moderated risk margin
TCK-2016-10-30-51C7BA15,216ADA4AD0E0290EEF8F4B4ED5D833D3,2016-10-30,0.96219928369363,0.6989247311827957,962.2856987847223,1732.1142578125,100.0,1210.6174920194894,1110.6174920194894,0.0545817486947553,0.057732911988318106,0.057732911988318106,env,true,standard,unknown,good,1,49,"High tampering risk (69.9% probability) with positive Expected Net Value ($1,110.62). Abnormal flatline load profile with negligible variance; elevated historical load volatility contrasting recent readings. Field inspection recommended to verify physical meter integrity.",60-Day Historical Consumption Volatility (+2.80),60-Day Historical Baseline Average (+0.50),Flatline (low),2016-09-01 to 2016-10-30,2 counter-evidence features moderated risk margin
TCK-2016-10-30-62C1B912,945C3999D43F2AD386AAFBC958E9ED50,2016-10-30,0.9264505073086552,0.5703703703703704,1177.0208062065974,2118.637451171875,100.0,1208.40802770544,1108.40802770544,0.04507270890391777,0.047200147408272865,0.047200147408272865,env,true,standard,unknown,good,1,50,"High tampering risk (57.0% probability) with positive Expected Net Value ($1,108.41). Sudden week-over-week consumption collapse; elevated historical load volatility contrasting recent readings. Field inspection recommended to verify physical meter integrity.",60-Day Historical Consumption Volatility (+2.23),Recent vs. Historical Consumption Ratio (14d / 60d) (+0.58),Behavior Shift (moderate),2016-09-01 to 2016-10-30,2 counter-evidence features moderated risk margin
TCK-2016-10-30-C5CD7E59,E24D2003BB62B9AA730ADAC58C3381B7,2016-10-30,0.9551745659870641,0.6989247311827957,957.2383626302084,1723.029052734375,100.0,1204.2676175025204,1104.2676175025204,0.054853761024822534,0.05803732667264327,0.05803732667264327,env,true,standard,unknown,good,1,51,"High tampering risk (69.9% probability) with positive Expected Net Value ($1,104.27). Elevated historical load volatility contrasting recent readings. Field inspection recommended to verify physical meter integrity.",60-Day Historical Consumption Volatility (+1.99),Smart-Meter Data Coverage Ratio (+0.75),Multivariate Feature Anomaly,2016-09-01 to 2016-10-30,2 counter-evidence features moderated risk margin
TCK-2016-10-30-5E7EE9AC,451D2A0F38FB0ACDC15CE8957EB223E5,2016-10-30,0.9528399925961045,0.6989247311827957,954.9376085069446,1718.8876953125,100.0,1201.3731203797045,1101.3731203797045,0.05497865550342247,0.058177157398185714,0.058177157398185714,env,true,standard,unknown,good,0,52,"High tampering risk (69.9% probability) with positive Expected Net Value ($1,101.37). Sudden week-over-week consumption collapse; elevated historical load volatility contrasting recent readings. Field inspection recommended to verify physical meter integrity.",60-Day Historical Consumption Volatility (+2.20),Estimated Consumption Collapse Magnitude (+0.56),Behavior Shift (moderate),2016-09-01 to 2016-10-30,2 counter-evidence features moderated risk margin
TCK-2016-10-30-EB66685E,627031BF7A1024E1CC93274DB632B254,2016-10-30,0.8412597418630402,0.5133531157270028,1210.9908040364585,2179.783447265625,100.0,1118.9986242639554,1018.9986242639554,0.04386381527593777,0.0458761167883179,0.0458761167883179,env,true,standard,unknown,good,0,53,"High tampering risk (51.3% probability) with positive Expected Net Value ($1,019.00). Sustained consumption drop of 99% below baseline; elevated historical load volatility contrasting recent readings. Field inspection recommended to verify physical meter integrity.",60-Day Historical Consumption Volatility (+2.27),Recent vs. Historical Consumption Ratio (14d / 60d) (+0.61),Sustained Step Down (high); Behavior Shift (moderate),2016-09-01 to 2016-10-30,2 counter-evidence features moderated risk margin
TCK-2016-10-30-490890D1,BD32332D3E03A6FDE49FC48BCA70C1B2,2016-10-30,0.9503690351787373,0.6666666666666666,911.8787977430557,1641.3818359375,100.0,1094.2545572916665,994.2545572916665,0.057425659287506835,0.06092427600362928,0.06092427600362928,env,true,standard,unknown,good,1,54,High tampering risk (66.7% probability) with positive Expected Net Value ($994.25). Sudden week-over-week consumption collapse; elevated historical load volatility contrasting recent readings. Field inspection recommended to verify physical meter integrity.,60-Day Historical Consumption Volatility (+2.05),Recent vs. Historical Consumption Ratio (14d / 60d) (+0.56),Behavior Shift (moderate),2016-09-01 to 2016-10-30,2 counter-evidence features moderated risk margin
TCK-2016-10-30-A9D2E618,3FC39A2A5EEE0377ADC0182FC4912999,2016-10-30,0.8811925839546171,0.5133531157270028,1183.6835394965278,2130.63037109375,100.0,1093.7657394635569,993.7657394635569,0.04483037678311839,0.04693446660514157,0.04693446660514157,env,true,standard,unknown,good,0,55,High tampering risk (51.3% probability) with positive Expected Net Value ($993.77). Sustained consumption drop of 77% below baseline; elevated historical load volatility contrasting recent readings. Field inspection recommended to verify physical meter integrity.,60-Day Historical Consumption Volatility (+2.21),Recent vs. Historical Consumption Ratio (14d / 60d) (+0.64),Sustained Step Down (high); Zero Streak (high); Behavior Shift (moderate); Abnormal Peak Behavior (low),2016-09-01 to 2016-10-30,2 counter-evidence features moderated risk margin
TCK-2016-10-30-26027A2C,0AA0C05E6F9F582FDB45809793DB7999,2016-10-30,0.9535743212132038,0.6989247311827957,861.123996310764,1550.023193359375,100.0,1083.3495437457998,983.3495437457998,0.0606052087040088,0.06451516366233809,0.06451516366233809,env,true,standard,unknown,good,0,56,High tampering risk (69.9% probability) with positive Expected Net Value ($983.35). Sudden week-over-week consumption collapse; elevated historical load volatility contrasting recent readings. Field inspection recommended to verify physical meter integrity.,60-Day Historical Consumption Volatility (+2.12),Estimated Consumption Collapse Magnitude (+0.59),Behavior Shift (moderate),2016-09-01 to 2016-10-30,2 counter-evidence features moderated risk margin
TCK-2016-10-30-8E5F690E,DE9EB95588993AE543A3994F8FB38DF0,2016-10-30,0.902560306647713,0.5657894736842105,1015.743136935764,1828.337646484375,100.0,1034.4541947214227,934.4541947214227,0.05185813811306011,0.05469449266785341,0.05469449266785341,env,true,standard,unknown,good,0,57,High tampering risk (56.6% probability) with positive Expected Net Value ($934.45). Elevated historical load volatility contrasting recent readings; recent 14-day usage severely depressed relative to 60-day baseline. Field inspection recommended to verify physical meter integrity.,60-Day Historical Consumption Volatility (+2.65),Recent vs. Historical Consumption Ratio (14d / 60d) (+0.57),Multivariate Feature Anomaly,2016-09-01 to 2016-10-30,2 counter-evidence features moderated risk margin
TCK-2016-10-30-CD632AF0,DBD33F00F666E5103CC21B917971BF36,2016-10-30,0.9400844390357983,0.5703703703703704,967.1141221788196,1740.805419921875,100.0,992.903832103588,892.903832103588,0.054324046918681965,0.05744467408912816,0.05744467408912816,env,true,standard,unknown,good,0,58,High tampering risk (57.0% probability) with positive Expected Net Value ($892.90). Elevated historical load volatility contrasting recent readings. Field inspection recommended to verify physical meter integrity.,60-Day Historical Consumption Volatility (+2.69),30-Day Trailing Consumption Volatility (+0.77),Multivariate Feature Anomaly,2016-09-01 to 2016-10-30,2 counter-evidence features moderated risk margin
TCK-2016-10-30-AAB2DE92,7D79EFA6C7B55A3766F8D633BFE7E800,2016-10-30,0.9166097427088524,0.5703703703703704,963.3394368489585,1734.010986328125,100.0,989.028488498264,889.028488498264,0.05452530041829798,0.05766976148851061,0.05766976148851061,env,true,standard,unknown,good,0,59,High tampering risk (57.0% probability) with positive Expected Net Value ($889.03). Sudden week-over-week consumption collapse; elevated historical load volatility contrasting recent readings. Field inspection recommended to verify physical meter integrity.,60-Day Historical Consumption Volatility (+2.04),Recent vs. Historical Consumption Ratio (14d / 60d) (+0.46),Behavior Shift (moderate),2016-09-01 to 2016-10-30,2 counter-evidence features moderated risk margin
TCK-2016-10-30-ADD168EE,87F0EBF11FFFA5617590F9BDD748B03F,2016-10-30,0.9659812103403084,0.6989247311827957,781.4671495225696,1406.640869140625,100.0,983.1360913348454,883.1360913348454,0.06637281786802926,0.07109135117131506,0.07109135117131506,env,true,standard,unknown,good,1,60,High tampering risk (69.9% probability) with positive Expected Net Value ($883.14). Abnormal flatline load profile with negligible variance; elevated historical load volatility contrasting recent readings. Field inspection recommended to verify physical meter integrity.,60-Day Historical Consumption Volatility (+2.22),Smart-Meter Data Coverage Ratio (+0.64),Flatline (low); Behavior Shift (moderate),2016-09-01 to 2016-10-30,2 counter-evidence features moderated risk margin
TCK-2016-10-30-1B6FA59C,6693FF11CB0EDDA200665EFF3B2C4623,2016-10-30,0.9713341969231017,0.6989247311827957,780.0952826605903,1404.1715087890625,100.0,981.4101943149362,881.4101943149362,0.06648178044570548,0.07121637162844771,0.07121637162844771,env,true,standard,unknown,good,1,61,High tampering risk (69.9% probability) with positive Expected Net Value ($881.41). Sudden week-over-week consumption collapse; elevated historical load volatility contrasting recent readings. Field inspection recommended to verify physical meter integrity.,60-Day Historical Consumption Volatility (+2.67),30-Day Trailing Consumption Volatility (+0.59),Behavior Shift (moderate),2016-09-01 to 2016-10-30,2 counter-evidence features moderated risk margin
TCK-2016-10-30-F25CD42D,1CC2E8EFE956A89D0A808E7CB2A91159,2016-10-30,0.9009286404232035,0.5657894736842105,953.665500217014,1716.597900390625,100.0,971.2330225894325,871.2330225894325,0.05504795528966366,0.05825476075512165,0.05825476075512165,env,true,standard,unknown,good,1,62,High tampering risk (56.6% probability) with positive Expected Net Value ($871.23). Elevated historical load volatility contrasting recent readings. Field inspection recommended to verify physical meter integrity.,60-Day Historical Consumption Volatility (+1.77),Estimated Consumption Collapse Magnitude (+0.55),Multivariate Feature Anomaly,2016-09-01 to 2016-10-30,2 counter-evidence features moderated risk margin
TCK-2016-10-30-48561A11,EA3CA83A3F9DF8E4AC8FB466CB88F4DF,2016-10-30,0.9777377180915491,0.7931034482758621,673.9769151475695,1213.158447265625,100.0,962.1601478313578,862.1601478313578,0.07615227256712917,0.08242946354236998,0.08242946354236998,env,true,standard,unknown,good,0,63,High tampering risk (79.3% probability) with positive Expected Net Value ($862.16). Sudden week-over-week consumption collapse; elevated historical load volatility contrasting recent readings. Field inspection recommended to verify physical meter integrity.,60-Day Historical Consumption Volatility (+2.70),30-Day Trailing Consumption Volatility (+0.59),Behavior Shift (moderate),2016-09-01 to 2016-10-30,2 counter-evidence features moderated risk margin
TCK-2016-10-30-115F4840,A17D569DBB05773E570AF55DDEC7A86E,2016-10-30,0.9410795571316266,0.5703703703703704,929.5178222656251,1673.132080078125,100.0,954.3049641927084,854.3049641927084,0.056397377907456255,0.05976814454202003,0.05976814454202003,env,true,standard,unknown,good,0,64,High tampering risk (57.0% probability) with positive Expected Net Value ($854.30). Sustained consumption drop of 60% below baseline; elevated historical load volatility contrasting recent readings. Field inspection recommended to verify physical meter integrity.,60-Day Historical Consumption Volatility (+2.23),Recent vs. Historical Consumption Ratio (14d / 60d) (+0.64),Sustained Step Down (moderate); Zero Streak (moderate),2016-09-01 to 2016-10-30,2 counter-evidence features moderated risk margin
TCK-2016-10-30-6F172E0A,A01258CF3664D92ABDD5886CAEB72CDE,2016-10-30,0.9278361659446943,0.5703703703703704,926.8501790364584,1668.330322265625,100.0,951.566183810764,851.566183810764,0.056550520420798826,0.059940168122220576,0.059940168122220576,env,true,standard,unknown,good,0,65,High tampering risk (57.0% probability) with positive Expected Net Value ($851.57). Sustained consumption drop of 75% below baseline; elevated historical load volatility contrasting recent readings. Field inspection recommended to verify physical meter integrity.,60-Day Historical Consumption Volatility (+1.90),Recent vs. Historical Consumption Ratio (14d / 60d) (+0.65),Sustained Step Down (high); Zero Streak (high); Behavior Shift (moderate); Abnormal Peak Behavior (low),2016-09-01 to 2016-10-30,2 counter-evidence features moderated risk margin
TCK-2016-10-30-ED28DBD4,2978E0AE5D0A744D16534318B607688E,2016-10-30,0.9443427471234181,0.5703703703703704,916.5250651041667,1649.7451171875,100.0,940.9657335069445,840.9657335069445,0.05715118105929491,0.060615424139263935,0.060615424139263935,env,true,standard,unknown,good,1,66,High tampering risk (57.0% probability) with positive Expected Net Value ($840.97). Elevated historical load volatility contrasting recent readings; recent 14-day usage severely depressed relative to 60-day baseline. Field inspection recommended to verify physical meter integrity.,60-Day Historical Consumption Volatility (+2.62),Recent vs. Historical Consumption Ratio (14d / 60d) (+0.66),Multivariate Feature Anomaly,2016-09-01 to 2016-10-30,2 counter-evidence features moderated risk margin
TCK-2016-10-30-A8260760,64E0E2FEF611E861CC8DB31E99847940,2016-10-30,0.9634784595077239,0.6989247311827957,727.4158393012153,1309.3485107421875,100.0,915.1360558950773,815.1360558950773,0.07095477040475834,0.07637386011407786,0.07637386011407786,env,true,standard,unknown,good,0,67,High tampering risk (69.9% probability) with positive Expected Net Value ($815.14). Sudden week-over-week consumption collapse; elevated historical load volatility contrasting recent readings. Field inspection recommended to verify physical meter integrity.,60-Day Historical Consumption Volatility (+2.70),30-Day Trailing Consumption Volatility (+0.59),Behavior Shift (moderate),2016-09-01 to 2016-10-30,2 counter-evidence features moderated risk margin
TCK-2016-10-30-B41B91D5,5468F8D4032B09C08FCC4F48748640E2,2016-10-30,0.9192446905063921,0.5703703703703704,885.8074951171876,1594.4534912109375,100.0,909.4290283203126,809.4290283203126,0.059016078351336286,0.06271741418061252,0.06271741418061252,env,true,standard,unknown,good,0,68,High tampering risk (57.0% probability) with positive Expected Net Value ($809.43). Elevated historical load volatility contrasting recent readings. Field inspection recommended to verify physical meter integrity.,60-Day Historical Consumption Volatility (+2.14),Data Missingness Ratio (+0.69),Multivariate Feature Anomaly,2016-09-01 to 2016-10-30,2 counter-evidence features moderated risk margin
TCK-2016-10-30-6D478E29,F799A6CD9EB10F68A42687FDA39015EE,2016-10-30,0.9375494213967133,0.5703703703703704,866.0321044921876,1558.8577880859375,100.0,889.1262939453126,789.1262939453126,0.06028244296660557,0.06414953356507666,0.06414953356507666,env,true,standard,unknown,good,0,69,High tampering risk (57.0% probability) with positive Expected Net Value ($789.13). Elevated historical load volatility contrasting recent readings. Field inspection recommended to verify physical meter integrity.,60-Day Historical Consumption Volatility (+2.15),30-Day Trailing Consumption Volatility (+0.46),Multivariate Feature Anomaly,2016-09-01 to 2016-10-30,2 counter-evidence features moderated risk margin
TCK-2016-10-30-8B8E8C9E,97AE04D40D077ACDA6949307FB8EE2DC,2016-10-30,0.9270452054100635,0.5703703703703704,861.5798611111112,1550.84375,100.0,884.5553240740742,784.5553240740742,0.060575084710470024,0.06448102847240414,0.06448102847240414,env,true,standard,unknown,good,0,70,High tampering risk (57.0% probability) with positive Expected Net Value ($784.56). Sudden week-over-week consumption collapse; elevated historical load volatility contrasting recent readings. Field inspection recommended to verify physical meter integrity.,60-Day Historical Consumption Volatility (+2.39),30-Day Trailing Consumption Volatility (+0.56),Behavior Shift (moderate),2016-09-01 to 2016-10-30,2 counter-evidence features moderated risk margin
TCK-2016-10-30-67CC8403,787DB8CCEDA0B245F75249C9C8525D8C,2016-10-30,0.8314563889200874,0.4360086767895879,1126.579318576389,2027.8427734375,100.0,884.1570443838124,784.1570443838124,0.04699595348318495,0.049313487864981215,0.049313487864981215,env,true,standard,unknown,good,0,71,High tampering risk (43.6% probability) with positive Expected Net Value ($784.16). Sustained consumption drop of 93% below baseline; elevated historical load volatility contrasting recent readings. Field inspection recommended to verify physical meter integrity.,60-Day Historical Consumption Volatility (+1.94),Estimated Consumption Collapse Magnitude (+0.55),Sustained Step Down (high); Behavior Shift (moderate),2016-09-01 to 2016-10-30,2 counter-evidence features moderated risk margin
TCK-2016-10-30-6E76755D,20AB46BBCB65EB03B87DE4E3EF34E946,2016-10-30,0.8994223538519351,0.5657894736842105,852.7308485243057,1534.91552734375,100.0,868.4390483655427,768.4390483655427,0.06116523962707123,0.0651501650863192,0.0651501650863192,env,true,standard,unknown,good,0,72,High tampering risk (56.6% probability) with positive Expected Net Value ($768.44). Sustained consumption drop of 84% below baseline; elevated historical load volatility contrasting recent readings. Field inspection recommended to verify physical meter integrity.,60-Day Historical Consumption Volatility (+2.15),Recent vs. Historical Consumption Ratio (14d / 60d) (+0.65),Sustained Step Down (high); Behavior Shift (moderate),2016-09-01 to 2016-10-30,2 counter-evidence features moderated risk margin
TCK-2016-10-30-745D1BC7,92CF59B9AD0585895463C7D953BB4B9D,2016-10-30,0.9346679516948628,0.5703703703703704,843.8445366753473,1518.920166015625,100.0,866.3470576533565,766.3470576533565,0.061769568443954294,0.0658362448780414,0.0658362448780414,env,true,standard,unknown,good,0,73,High tampering risk (57.0% probability) with positive Expected Net Value ($766.35). Elevated historical load volatility contrasting recent readings. Field inspection recommended to verify physical meter integrity.,60-Day Historical Consumption Volatility (+1.97),Smart-Meter Data Coverage Ratio (+0.56),Multivariate Feature Anomaly,2016-09-01 to 2016-10-30,2 counter-evidence features moderated risk margin
TCK-2016-10-30-66A704BF,46CD68F54D9DCC6E76B673547586B0B7,2016-10-30,0.9698304762229388,0.6989247311827957,661.1682807074653,1190.1029052734375,100.0,831.7923531481015,731.7923531481015,0.07751319649869712,0.08402634726534346,0.08402634726534346,env,true,standard,unknown,good,1,74,High tampering risk (69.9% probability) with positive Expected Net Value ($731.79). Sudden week-over-week consumption collapse; elevated historical load volatility contrasting recent readings. Field inspection recommended to verify physical meter integrity.,60-Day Historical Consumption Volatility (+2.71),Data Missingness Ratio (+0.64),Behavior Shift (moderate),2016-09-01 to 2016-10-30,2 counter-evidence features moderated risk margin
TCK-2016-10-30-546A05D1,01129D86A0AF4128F5BDE3C84C53A6D3,2016-10-30,0.8347156911507793,0.5,910.6041124131946,1639.08740234375,100.0,819.543701171875,719.543701171875,0.05750142279521492,0.06100955925657707,0.06100955925657707,env,true,standard,unknown,good,0,75,High tampering risk (50.0% probability) with positive Expected Net Value ($719.54). Sudden week-over-week consumption collapse; elevated historical load volatility contrasting recent readings. Field inspection recommended to verify physical meter integrity.,60-Day Historical Consumption Volatility (+2.06),Recent vs. Historical Consumption Ratio (14d / 60d) (+0.55),Behavior Shift (moderate),2016-09-01 to 2016-10-30,2 counter-evidence features moderated risk margin
TCK-2016-10-30-B88243A3,1369F39E5EB0C4C413CBFB1D52352088,2016-10-30,0.9313119090909204,0.5703703703703704,782.5287543402778,1408.5517578125,100.0,803.3961877893519,703.3961877893519,0.06628874314859878,0.0709949062541382,0.0709949062541382,env,true,standard,unknown,good,0,76,High tampering risk (57.0% probability) with positive Expected Net Value ($703.40). Sudden week-over-week consumption collapse; elevated historical load volatility contrasting recent readings. Field inspection recommended to verify physical meter integrity.,60-Day Historical Consumption Volatility (+2.02),Recent vs. Historical Consumption Ratio (14d / 60d) (+0.53),Behavior Shift (moderate),2016-09-01 to 2016-10-30,2 counter-evidence features moderated risk margin
TCK-2016-10-30-85509E45,58A9AA93B0455CE70D447B13CAF9876E,2016-10-30,0.9704564802515847,0.6989247311827957,602.9205322265626,1085.2569580078125,100.0,758.512927639869,658.512927639869,0.08436989070123717,0.09214407635180545,0.09214407635180545,env,true,standard,unknown,good,0,77,High tampering risk (69.9% probability) with positive Expected Net Value ($658.51). Sudden week-over-week consumption collapse; elevated historical load volatility contrasting recent readings. Field inspection recommended to verify physical meter integrity.,60-Day Historical Consumption Volatility (+2.60),30-Day Trailing Consumption Volatility (+0.64),Behavior Shift (moderate),2016-09-01 to 2016-10-30,2 counter-evidence features moderated risk margin
TCK-2016-10-30-56A46113,D5ED3578550D52EDFE5311FDF41238C7,2016-10-30,0.9280041063378113,0.5703703703703704,728.5959201388889,1311.47265625,100.0,748.025144675926,648.025144675926,0.07084798954992154,0.07625016009555098,0.07625016009555098,env,true,standard,unknown,good,1,78,High tampering risk (57.0% probability) with positive Expected Net Value ($648.03). Sudden week-over-week consumption collapse; elevated historical load volatility contrasting recent readings. Field inspection recommended to verify physical meter integrity.,60-Day Historical Consumption Volatility (+2.12),30-Day Trailing Consumption Volatility (+0.51),Behavior Shift (moderate),2016-09-01 to 2016-10-30,2 counter-evidence features moderated risk margin
TCK-2016-10-30-CC80453C,4B43546256A3AE720C1EBD3D70D7EA03,2016-10-30,0.6883707822550017,0.38400353513035795,1073.0942789713542,1931.5697021484375,100.0,741.7295939756925,641.7295939756925,0.04922302192942109,0.05177136496227522,0.05177136496227522,env,true,standard,unknown,good,0,79,High tampering risk (38.4% probability) with positive Expected Net Value ($641.73). Sustained consumption drop of 97% below baseline; elevated historical load volatility contrasting recent readings. Field inspection recommended to verify physical meter integrity.,60-Day Historical Consumption Volatility (+2.19),Estimated Consumption Collapse Magnitude (+0.55),Sustained Step Down (high); Behavior Shift (moderate),2016-09-01 to 2016-10-30,2 counter-evidence features moderated risk margin
TCK-2016-10-30-80AC21CB,4E4B6747368EF1FFE0307DC774B8310B,2016-10-30,0.9518234287386832,0.6989247311827957,589.3322753906251,1060.798095703125,100.0,741.4180238785283,641.4180238785283,0.08614762581896505,0.09426864584793335,0.09426864584793335,env,true,standard,unknown,good,1,80,High tampering risk (69.9% probability) with positive Expected Net Value ($641.42). Abnormal flatline load profile with negligible variance; elevated historical load volatility contrasting recent readings. Field inspection recommended to verify physical meter integrity.,60-Day Historical Consumption Volatility (+1.68),Data Missingness Ratio (+0.81),Flatline (low); Behavior Shift (moderate),2016-09-01 to 2016-10-30,2 counter-evidence features moderated risk margin
TCK-2016-10-30-8FE1CA28,F7EF9BCCBAD5C129A11937CD01E19ECE,2016-10-30,0.9697030363242805,0.6989247311827957,584.2927381727432,1051.7269287109375,100.0,735.0779609269994,635.0779609269994,0.08682613691417662,0.09508171491108083,0.09508171491108083,env,true,standard,unknown,good,1,81,High tampering risk (69.9% probability) with positive Expected Net Value ($635.08). Elevated historical load volatility contrasting recent readings. Field inspection recommended to verify physical meter integrity.,60-Day Historical Consumption Volatility (+2.34),Data Missingness Ratio (+0.74),Multivariate Feature Anomaly,2016-09-01 to 2016-10-30,2 counter-evidence features moderated risk margin
TCK-2016-10-30-D9152D4F,DE471F8B7F7F2ECD1901BDBA402CBE78,2016-10-30,0.8452209299654232,0.5133531157270028,764.0193006727432,1375.2347412109375,100.0,705.9810392566532,605.9810392566532,0.0677858222874521,0.07271485878254272,0.07271485878254272,env,true,standard,unknown,good,0,82,High tampering risk (51.3% probability) with positive Expected Net Value ($605.98). Sustained consumption drop of 65% below baseline; elevated historical load volatility contrasting recent readings. Field inspection recommended to verify physical meter integrity.,60-Day Historical Consumption Volatility (+1.80),Estimated Consumption Collapse Magnitude (+0.71),Sustained Step Down (high); Behavior Shift (moderate),2016-09-01 to 2016-10-30,2 counter-evidence features moderated risk margin
TCK-2016-10-30-6C8DD5F8,C036FC77DE1E1248668C54F24C2D2712,2016-10-30,0.874712170032212,0.5133531157270028,757.6785617404514,1363.8214111328125,100.0,700.1219707002269,600.1219707002269,0.0683143443861862,0.07332338324043348,0.07332338324043348,env,true,standard,unknown,good,0,83,High tampering risk (51.3% probability) with positive Expected Net Value ($600.12). Sudden week-over-week consumption collapse; elevated historical load volatility contrasting recent readings. Field inspection recommended to verify physical meter integrity.,60-Day Historical Consumption Volatility (+2.10),Recent vs. Historical Consumption Ratio (14d / 60d) (+0.54),Behavior Shift (moderate),2016-09-01 to 2016-10-30,2 counter-evidence features moderated risk margin
TCK-2016-10-30-780829A4,0C0CEE1B06E24347182675420ABD82FB,2016-10-30,0.9127728010033822,0.5703703703703704,676.4607069227432,1217.6292724609375,100.0,694.4996591073495,594.4996591073495,0.07589388160239481,0.08212680350390318,0.08212680350390318,env,true,standard,unknown,good,0,84,High tampering risk (57.0% probability) with positive Expected Net Value ($594.50). Sustained consumption drop of 68% below baseline; elevated historical load volatility contrasting recent readings. Field inspection recommended to verify physical meter integrity.,60-Day Historical Consumption Volatility (+2.13),Recent vs. Historical Consumption Ratio (14d / 60d) (+0.64),Sustained Step Down (high); Behavior Shift (moderate),2016-09-01 to 2016-10-30,2 counter-evidence features moderated risk margin
TCK-2016-10-30-38DF665A,121E345F3E29B5D61A040E7C86CCF089,2016-10-30,0.9798112853638214,0.7931034482758621,485.0365532769098,873.0657958984375,100.0,692.4314932987608,592.4314932987608,0.10276797357538335,0.11453890470774193,0.11453890470774193,env,true,standard,unknown,good,1,85,High tampering risk (79.3% probability) with positive Expected Net Value ($592.43). Elevated historical load volatility contrasting recent readings. Field inspection recommended to verify physical meter integrity.,60-Day Historical Consumption Volatility (+2.64),Smart-Meter Data Coverage Ratio (+0.76),Multivariate Feature Anomaly,2016-09-01 to 2016-10-30,2 counter-evidence features moderated risk margin
TCK-2016-10-30-431C1095,8688AAB546888ED27399057421261B61,2016-10-30,0.9821277267910846,0.8461538461538461,438.75000000000006,789.75,100.0,668.25,568.25,0.11239112110143298,0.12662234884457108,0.12662234884457108,env,true,standard,unknown,good,0,86,High tampering risk (84.6% probability) with positive Expected Net Value ($568.25). Elevated historical load volatility contrasting recent readings. Field inspection recommended to verify physical meter integrity.,60-Day Historical Consumption Volatility (+2.55),30-Day Trailing Consumption Volatility (+0.60),Multivariate Feature Anomaly,2016-09-01 to 2016-10-30,2 counter-evidence features moderated risk margin
TCK-2016-10-30-2D67A146,0E4557E162DDEFB72BEA9BAAAD348956,2016-10-30,0.9048114808585513,0.5657894736842105,655.1406521267362,1179.253173828125,100.0,667.2090325606497,567.2090325606497,0.07817060926317902,0.08479943257254689,0.08479943257254689,env,true,standard,unknown,good,1,87,High tampering risk (56.6% probability) with positive Expected Net Value ($567.21). Sudden week-over-week consumption collapse; elevated historical load volatility contrasting recent readings. Field inspection recommended to verify physical meter integrity.,60-Day Historical Consumption Volatility (+1.70),Estimated Consumption Collapse Magnitude (+0.56),Behavior Shift (moderate),2016-09-01 to 2016-10-30,2 counter-evidence features moderated risk margin
TCK-2016-10-30-A485BFC5,66394FF64123A53D38D56C309EB98213,2016-10-30,0.9056259092816995,0.5657894736842105,653.1678602430557,1175.7021484375,100.0,665.1998997738486,565.1998997738486,0.07838820380014376,0.08505555606315707,0.08505555606315707,env,true,standard,unknown,good,0,88,High tampering risk (56.6% probability) with positive Expected Net Value ($565.20). Sustained consumption drop of 55% below baseline; elevated historical load volatility contrasting recent readings. Field inspection recommended to verify physical meter integrity.,60-Day Historical Consumption Volatility (+2.29),Recent vs. Historical Consumption Ratio (14d / 60d) (+0.72),Sustained Step Down (moderate); Behavior Shift (moderate),2016-09-01 to 2016-10-30,2 counter-evidence features moderated risk margin
TCK-2016-10-30-A401C389,449A092F3A09D5E8EC0E64C388660F90,2016-10-30,0.8784893836958796,0.5133531157270028,719.7748480902778,1295.5947265625,100.0,665.0975896003337,565.0975896003337,0.07165403974140169,0.07718463030898726,0.07718463030898726,env,true,standard,unknown,good,0,89,High tampering risk (51.3% probability) with positive Expected Net Value ($565.10). Sudden week-over-week consumption collapse; elevated historical load volatility contrasting recent readings. Field inspection recommended to verify physical meter integrity.,60-Day Historical Consumption Volatility (+1.72),Estimated Consumption Collapse Magnitude (+0.58),Behavior Shift (moderate),2016-09-01 to 2016-10-30,2 counter-evidence features moderated risk margin
TCK-2016-10-30-DE97C44B,27199C71429F1185646E584D049A2EAD,2016-10-30,0.8761971540710364,0.5133531157270028,705.7512749565973,1270.352294921875,100.0,652.1393086690929,552.1393086690929,0.07297393551320398,0.07871832120880284,0.07871832120880284,env,true,standard,unknown,good,0,90,High tampering risk (51.3% probability) with positive Expected Net Value ($552.14). Sudden week-over-week consumption collapse; elevated historical load volatility contrasting recent readings. Field inspection recommended to verify physical meter integrity.,60-Day Historical Consumption Volatility (+1.84),Recent vs. Historical Consumption Ratio (14d / 60d) (+0.57),Behavior Shift (moderate),2016-09-01 to 2016-10-30,2 counter-evidence features moderated risk margin
TCK-2016-10-30-6FFF476E,65B47E97B37BF610D975C52C849F0426,2016-10-30,0.7949249472453004,0.4360086767895879,824.1504584418403,1483.4708251953125,100.0,646.8061515493662,546.8061515493662,0.06315241077312905,0.06740948207514232,0.06740948207514232,env,true,standard,unknown,good,0,91,High tampering risk (43.6% probability) with positive Expected Net Value ($546.81). Elevated historical load volatility contrasting recent readings. Field inspection recommended to verify physical meter integrity.,60-Day Historical Consumption Volatility (+1.89),Estimated Consumption Collapse Magnitude (+0.50),Multivariate Feature Anomaly,2016-09-01 to 2016-10-30,2 counter-evidence features moderated risk margin
TCK-2016-10-30-D269085C,D1C9B8B763EEB949AE029FA8F6D5DD9D,2016-10-30,0.930831712994687,0.5703703703703704,629.8814561631945,1133.78662109375,100.0,646.678294994213,546.678294994213,0.08105129224966806,0.0882000176572301,0.0882000176572301,env,true,standard,unknown,good,0,92,High tampering risk (57.0% probability) with positive Expected Net Value ($546.68). Elevated historical load volatility contrasting recent readings. Field inspection recommended to verify physical meter integrity.,60-Day Historical Consumption Volatility (+2.03),Estimated Consumption Collapse Magnitude (+0.50),Multivariate Feature Anomaly,2016-09-01 to 2016-10-30,2 counter-evidence features moderated risk margin
TCK-2016-10-30-D1B4766D,D2900AC77905C9AC8177213D84784B46,2016-10-30,0.9176432983417435,0.5703703703703704,629.6571180555557,1133.3828125,100.0,646.4479745370371,546.4479745370371,0.08107782838104045,0.08823144210156267,0.08823144210156267,env,true,standard,unknown,good,0,93,High tampering risk (57.0% probability) with positive Expected Net Value ($546.45). Sustained consumption drop of 86% below baseline; elevated historical load volatility contrasting recent readings. Field inspection recommended to verify physical meter integrity.,60-Day Historical Consumption Volatility (+2.14),Smart-Meter Data Coverage Ratio (+0.80),Sustained Step Down (high); Behavior Shift (moderate),2016-09-01 to 2016-10-30,2 counter-evidence features moderated risk margin
TCK-2016-10-30-D6E243B0,0F50C6840D410322ABC114971FDEC4A2,2016-10-30,0.7978816570199191,0.4360086767895879,813.0015055338542,1463.4027099609375,100.0,638.0562791803654,538.0562791803654,0.06396304634939423,0.06833389013108312,0.06833389013108312,env,true,standard,unknown,good,0,94,High tampering risk (43.6% probability) with positive Expected Net Value ($538.06). Sustained consumption drop of 63% below baseline; elevated historical load volatility contrasting recent readings. Field inspection recommended to verify physical meter integrity.,60-Day Historical Consumption Volatility (+1.80),Recent vs. Historical Consumption Ratio (14d / 60d) (+0.56),Sustained Step Down (high); Behavior Shift (moderate),2016-09-01 to 2016-10-30,2 counter-evidence features moderated risk margin
TCK-2016-10-30-1A33A759,F9369A81980DC85A1E3594B3154FA1BB,2016-10-30,0.9500928930132037,0.6666666666666666,510.505845811632,918.9105224609375,100.0,612.6070149739583,512.6070149739583,0.09814404483572674,0.10882452377647135,0.10882452377647135,env,true,standard,unknown,good,0,95,High tampering risk (66.7% probability) with positive Expected Net Value ($512.61). Elevated historical load volatility contrasting recent readings. Field inspection recommended to verify physical meter integrity.,60-Day Historical Consumption Volatility (+2.57),Imputed Data Ratio (+0.51),Multivariate Feature Anomaly,2016-09-01 to 2016-10-30,2 counter-evidence features moderated risk margin
TCK-2016-10-30-36B26D69,B69ED4832FB257F255046CC0E8D885A3,2016-10-30,0.9104186912160571,0.5703703703703704,580.8837890625001,1045.5908203125,100.0,596.3740234375,496.3740234375,0.08729120225729593,0.09563970729019272,0.09563970729019272,env,true,standard,unknown,good,0,96,High tampering risk (57.0% probability) with positive Expected Net Value ($496.37). Sudden week-over-week consumption collapse; elevated historical load volatility contrasting recent readings. Field inspection recommended to verify physical meter integrity.,60-Day Historical Consumption Volatility (+2.03),Estimated Consumption Collapse Magnitude (+0.42),Behavior Shift (moderate),2016-09-01 to 2016-10-30,2 counter-evidence features moderated risk margin
TCK-2016-10-30-6D24E793,813F2CDB9AB76ACAF07CF2D28176E05B,2016-10-30,0.9263744504281067,0.5703703703703704,567.8128051757812,1022.0630493164062,100.0,582.9544799804688,482.9544799804688,0.08912155164624923,0.09784132208564209,0.09784132208564209,env,true,standard,unknown,good,1,97,High tampering risk (57.0% probability) with positive Expected Net Value ($482.95). Sudden week-over-week consumption collapse; elevated historical load volatility contrasting recent readings. Field inspection recommended to verify physical meter integrity.,60-Day Historical Consumption Volatility (+1.39),Smart-Meter Data Coverage Ratio (+1.06),Behavior Shift (moderate),2016-09-01 to 2016-10-30,2 counter-evidence features moderated risk margin
TCK-2016-10-30-7C3096F2,9C32BE81F728AAD0FCED1FD4DF4494CD,2016-10-30,0.9089545831414603,0.5703703703703704,554.6207682291667,998.3173828125,100.0,569.4106553819445,469.4106553819445,0.09104836321895086,0.10016854531599556,0.10016854531599556,env,true,standard,unknown,good,1,98,High tampering risk (57.0% probability) with positive Expected Net Value ($469.41). Sudden week-over-week consumption collapse; elevated historical load volatility contrasting recent readings. Field inspection recommended to verify physical meter integrity.,60-Day Historical Consumption Volatility (+1.54),Smart-Meter Data Coverage Ratio (+0.71),Behavior Shift (moderate),2016-09-01 to 2016-10-30,2 counter-evidence features moderated risk margin
TCK-2016-10-30-8C818D33,23CC9AE5DE5785D22DE62753847CF416,2016-10-30,0.8676489404955635,0.5133531157270028,613.7265353732639,1104.707763671875,100.0,567.1051724487666,467.10517244876655,0.08300768287174158,0.09052167757707769,0.09052167757707769,env,true,standard,unknown,good,0,99,High tampering risk (51.3% probability) with positive Expected Net Value ($467.11). Elevated historical load volatility contrasting recent readings. Field inspection recommended to verify physical meter integrity.,60-Day Historical Consumption Volatility (+1.63),Estimated Consumption Collapse Magnitude (+0.54),Multivariate Feature Anomaly,2016-09-01 to 2016-10-30,2 counter-evidence features moderated risk margin
TCK-2016-10-30-33411FC7,FA39338A8EECDEA88D72A07316AFC498,2016-10-30,0.7313430882267299,0.3896321070234114,793.4251573350696,1428.165283203125,100.0,556.4590484721207,456.4590484721207,0.06543794777904788,0.07001990678258016,0.07001990678258016,env,true,standard,unknown,good,0,100,High tampering risk (39.0% probability) with positive Expected Net Value ($456.46). Sudden week-over-week consumption collapse; elevated historical load volatility contrasting recent readings. Field inspection recommended to verify physical meter integrity.,60-Day Historical Consumption Volatility (+1.83),Recent vs. Historical Consumption Ratio (14d / 60d) (+0.51),Behavior Shift (moderate),2016-09-01 to 2016-10-30,2 counter-evidence features moderated risk margin
